goal,sdg,sdg_count,trg,trg_count,sdg-trg,trg-sdg
01,"[(17, '17094') (20, '16688') (32, '16182') (46, '16046') (51, '15422')
 (53, '16838') (69, '19579') (70, '16790') (79, '20029') (80, '20664')
 (103, '21516') (106, '14951') (107, '16098') (111, '19325') (112, '18328')
 (114, '21548') (117, '18301') (128, '16422') (148, '18516') (180, '17929')
 (186, '19369') (187, '19714') (190, '18445') (201, '15143') (202, '19609')
 (207, '17054') (213, '21428') (220, '16640') (221, '16646') (230, '17872')
 (244, '21424') (273, '21440') (287, '21552') (295, '19929') (317, '15266')
 (326, '18493') (354, '14047') (358, '21648') (367, '21480') (377, '13952')
 (380, '17869') (402, '16712') (414, '18259') (417, '15453') (420, '21616')
 (441, '15043') (444, '15135') (448, '16676') (451, '19769') (453, '15587')
 (459, '15123') (467, '14435') (469, '19614') (471, '16637') (473, '17534')
 (483, '14795') (487, '17430') (489, '21668') (494, '20149') (507, '14183')
 (517, '14540') (519, '21592') (537, '19504') (544, '19664') (568, '16102')
 (573, '16685') (575, '19914') (578, '15147') (587, '17510') (592, '14819')
 (607, '17546') (609, '18385') (624, '16595') (630, '21364') (633, '18628')
 (638, '18076') (647, '16110') (649, '18226') (650, '16070') (653, '18337')
 (663, '15087') (670, '19088') (678, '21400') (695, '20209') (701, '20560')
 (737, '20339') (738, '19949') (745, '15167') (746, '20412') (761, '17170')
 (762, '17755') (763, '14807') (764, '19371') (765, '15886') (783, '15734')
 (793, '15334') (795, '19383') (796, '19819') (799, '18406') (800, '15509')
 (807, '18283') (809, '14995') (832, '14668') (836, '19321') (848, '20768')
 (850, '16150') (856, '18313') (857, '18439') (865, '16410') (867, '18217')
 (876, '16246') (877, '19529') (896, '16230') (904, '15019') (909, '20648')
 (912, '15749') (913, '21076') (920, '14945') (925, '14351') (932, '15401')
 (936, '20516') (937, '19779') (947, '16643') (953, '16178') (957, '18133')
 (962, '17386') (964, '14327') (984, '21244') (987, '15557') (998, '16774')
 (1005, '17258') (1034, '21276') (1039, '20604') (1041, '15788')
 (1042, '19228') (1055, '17286') (1056, '17306') (1071, '18998')
 (1073, '16894') (1075, '17246') (1090, '17734') (1091, '16556')
 (1096, '19359') (1119, '19329') (1128, '18265') (1140, '20244')
 (1156, '15242') (1162, '21444') (1163, '16026') (1165, '20644')
 (1173, '16709') (1179, '18823') (1180, '19258') (1182, '16118')
 (1184, '21292') (1191, '17498') (1196, '21560') (1212, '20324')
 (1214, '16170') (1228, '15910') (1239, '17644') (1240, '17606')
 (1250, '21416') (1251, '20124') (1252, '14840') (1268, '18292')
 (1277, '19864') (1279, '17815') (1280, '16778') (1282, '20596')
 (1286, '17618') (1292, '14947') (1293, '15826') (1301, '16886')
 (1307, '16810') (1319, '21464') (1320, '15944') (1328, '21104')
 (1329, '14967') (1338, '16758') (1346, '16074') (1367, '16022')
 (1376, '19068')]",183,"[(17, '17094') (32, '16182') (53, '16838') (70, '16790') (79, '20029')
 (107, '16098') (114, '21548') (148, '18516') (180, '17929') (186, '19369')
 (190, '18445') (201, '15143') (207, '17054') (213, '21428') (273, '21440')
 (287, '21552') (354, '14047') (377, '13952') (402, '16712') (414, '18259')
 (451, '19769') (459, '15123') (467, '14435') (489, '21668') (494, '20149')
 (507, '14183') (517, '14540') (519, '21592') (592, '14819') (609, '18385')
 (624, '16595') (638, '18076') (653, '18337') (663, '15087') (670, '19088')
 (695, '20209') (761, '17170') (762, '17755') (763, '14807') (765, '15886')
 (795, '19383') (796, '19819') (799, '18406') (800, '15509') (809, '14995')
 (832, '14668') (836, '19321') (848, '20768') (856, '18313') (867, '18217')
 (876, '16246') (896, '16230') (904, '15019') (913, '21076') (920, '14945')
 (925, '14351') (932, '15401') (937, '19779') (964, '14327') (984, '21244')
 (998, '16774') (1034, '21276') (1041, '15788') (1071, '18998')
 (1073, '16894') (1091, '16556') (1096, '19359') (1119, '19329')
 (1140, '20244') (1156, '15242') (1162, '21444') (1173, '16709')
 (1180, '19258') (1212, '20324') (1214, '16170') (1239, '17644')
 (1240, '17606') (1252, '14840') (1279, '17815') (1280, '16778')
 (1286, '17618') (1292, '14947') (1301, '16886') (1307, '16810')
 (1319, '21464') (1320, '15944') (1328, '21104') (1329, '14967')
 (1376, '19068')]",89,"[(20, '16688') (46, '16046') (51, '15422') (69, '19579') (80, '20664')
 (103, '21516') (106, '14951') (111, '19325') (112, '18328') (117, '18301')
 (128, '16422') (187, '19714') (202, '19609') (220, '16640') (221, '16646')
 (230, '17872') (244, '21424') (295, '19929') (317, '15266') (326, '18493')
 (358, '21648') (367, '21480') (380, '17869') (417, '15453') (420, '21616')
 (441, '15043') (444, '15135') (448, '16676') (453, '15587') (469, '19614')
 (471, '16637') (473, '17534') (483, '14795') (487, '17430') (537, '19504')
 (544, '19664') (568, '16102') (573, '16685') (575, '19914') (578, '15147')
 (587, '17510') (607, '17546') (630, '21364') (633, '18628') (647, '16110')
 (649, '18226') (650, '16070') (678, '21400') (701, '20560') (737, '20339')
 (738, '19949') (745, '15167') (746, '20412') (764, '19371') (783, '15734')
 (793, '15334') (807, '18283') (850, '16150') (857, '18439') (865, '16410')
 (877, '19529') (909, '20648') (912, '15749') (936, '20516') (947, '16643')
 (953, '16178') (957, '18133') (962, '17386') (987, '15557')
 (1005, '17258') (1039, '20604') (1042, '19228') (1055, '17286')
 (1056, '17306') (1075, '17246') (1090, '17734') (1128, '18265')
 (1163, '16026') (1165, '20644') (1179, '18823') (1182, '16118')
 (1184, '21292') (1191, '17498') (1196, '21560') (1228, '15910')
 (1250, '21416') (1251, '20124') (1268, '18292') (1277, '19864')
 (1282, '20596') (1293, '15826') (1338, '16758') (1346, '16074')
 (1367, '16022')]",[]
02,"[(15, '18733') (17, '17094') (20, '16688') (39, '18678') (46, '16046')
 (49, '18424') (51, '15422') (53, '16838') (57, '15491') (69, '19579')
 (75, '15302') (79, '20029') (80, '20664') (106, '14951') (107, '16098')
 (111, '19325') (112, '18328') (117, '18301') (126, '15877') (128, '16422')
 (178, '17911') (180, '17929') (181, '15395') (186, '19369') (187, '19714')
 (190, '18445') (192, '17166') (201, '15143') (202, '19609') (220, '16640')
 (221, '16646') (223, '19684') (225, '18543') (233, '14548') (236, '16430')
 (238, '16610') (244, '21424') (249, '17773') (252, '14423') (255, '16679')
 (281, '21496') (295, '19929') (312, '21372') (323, '16854') (326, '18493')
 (352, '15386') (354, '14047') (358, '21648') (367, '21480') (378, '19524')
 (382, '15647') (414, '18259') (416, '17881') (417, '15453') (419, '21356')
 (420, '21616') (436, '19904') (444, '15135') (448, '16676') (451, '19769')
 (453, '15587') (458, '20512') (459, '15123') (466, '19849') (467, '14435')
 (469, '19614') (479, '15692') (483, '14795') (484, '18778') (488, '14894')
 (489, '21668') (494, '20149') (501, '15250') (517, '14540') (519, '21592')
 (532, '14452') (537, '19504') (544, '19664') (551, '16628') (554, '19148')
 (568, '16102') (573, '16685') (575, '19914') (578, '15147') (581, '14594')
 (587, '17510') (592, '14819') (607, '17546') (609, '18385') (620, '16030')
 (624, '16595') (627, '19984') (630, '21364') (633, '18628') (649, '18226')
 (650, '16070') (660, '19554') (663, '15087') (670, '19088') (678, '21400')
 (701, '20560') (733, '19469') (737, '20339') (738, '19949') (745, '15167')
 (746, '20412') (761, '17170') (762, '17755') (763, '14807') (764, '19371')
 (793, '15334') (794, '18304') (795, '19383') (800, '15509') (807, '18283')
 (848, '20768') (850, '16150') (857, '18439') (865, '16410') (867, '18217')
 (868, '15175') (877, '19529') (893, '19153') (905, '18244') (909, '20648')
 (912, '15749') (920, '14945') (932, '15401') (935, '16466') (936, '20516')
 (947, '16643') (953, '16178') (956, '16619') (957, '18133') (959, '15488')
 (964, '14327') (968, '15940') (987, '15557') (998, '16774')
 (1002, '17758') (1005, '17258') (1010, '19829') (1022, '19689')
 (1034, '21276') (1035, '15440') (1039, '20604') (1042, '19228')
 (1055, '17286') (1056, '17306') (1059, '19339') (1061, '15659')
 (1063, '20696') (1073, '16894') (1075, '17246') (1088, '15027')
 (1091, '16556') (1097, '15551') (1111, '15668') (1119, '19329')
 (1120, '21176') (1122, '21164') (1123, '21172') (1126, '21180')
 (1127, '16954') (1128, '18265') (1130, '18502') (1131, '16054')
 (1136, '16283') (1158, '18115') (1163, '16026') (1164, '21184')
 (1165, '20644') (1179, '18823') (1182, '16118') (1184, '21292')
 (1187, '17454') (1191, '17498') (1192, '21656') (1196, '21560')
 (1197, '19744') (1198, '17174') (1201, '19078') (1202, '19739')
 (1206, '15974') (1208, '21240') (1210, '15031') (1214, '16170')
 (1216, '17482') (1228, '15910') (1239, '17644') (1241, '14827')
 (1245, '18469') (1248, '16322') (1251, '20124') (1252, '14840')
 (1267, '15611') (1268, '18292') (1275, '18708') (1279, '17815')
 (1282, '20596') (1284, '19814') (1286, '17618') (1290, '14321')
 (1292, '14947') (1299, '14849') (1301, '16886') (1316, '20304')
 (1320, '15944') (1324, '19168') (1329, '14967') (1330, '14427')
 (1333, '21288') (1338, '16758') (1346, '16074') (1359, '15752')
 (1367, '16022') (1376, '19068') (1380, '16018')]",218,"[(15, '18733') (17, '17094') (53, '16838') (75, '15302') (79, '20029')
 (107, '16098') (178, '17911') (180, '17929') (181, '15395') (186, '19369')
 (192, '17166') (201, '15143') (223, '19684') (238, '16610') (281, '21496')
 (312, '21372') (323, '16854') (352, '15386') (354, '14047') (382, '15647')
 (414, '18259') (419, '21356') (451, '19769') (458, '20512') (459, '15123')
 (467, '14435') (479, '15692') (488, '14894') (489, '21668') (494, '20149')
 (501, '15250') (517, '14540') (519, '21592') (532, '14452') (551, '16628')
 (578, '15147') (592, '14819') (609, '18385') (624, '16595') (663, '15087')
 (670, '19088') (733, '19469') (762, '17755') (763, '14807') (795, '19383')
 (848, '20768') (868, '15175') (920, '14945') (932, '15401') (935, '16466')
 (956, '16619') (959, '15488') (964, '14327') (968, '15940') (998, '16774')
 (1010, '19829') (1034, '21276') (1061, '15659') (1063, '20696')
 (1073, '16894') (1097, '15551') (1119, '19329') (1120, '21176')
 (1122, '21164') (1123, '21172') (1126, '21180') (1130, '18502')
 (1136, '16283') (1163, '16026') (1187, '17454') (1197, '19744')
 (1198, '17174') (1202, '19739') (1206, '15974') (1210, '15031')
 (1214, '16170') (1239, '17644') (1252, '14840') (1267, '15611')
 (1279, '17815') (1284, '19814') (1286, '17618') (1290, '14321')
 (1292, '14947') (1301, '16886') (1316, '20304') (1320, '15944')
 (1329, '14967') (1330, '14427') (1367, '16022') (1376, '19068')]",91,"[(20, '16688') (39, '18678') (46, '16046') (49, '18424') (51, '15422')
 (57, '15491') (69, '19579') (80, '20664') (106, '14951') (111, '19325')
 (112, '18328') (117, '18301') (126, '15877') (128, '16422') (187, '19714')
 (190, '18445') (202, '19609') (220, '16640') (221, '16646') (225, '18543')
 (233, '14548') (236, '16430') (244, '21424') (249, '17773') (252, '14423')
 (255, '16679') (295, '19929') (326, '18493') (358, '21648') (367, '21480')
 (378, '19524') (416, '17881') (417, '15453') (420, '21616') (436, '19904')
 (444, '15135') (448, '16676') (453, '15587') (466, '19849') (469, '19614')
 (483, '14795') (484, '18778') (537, '19504') (544, '19664') (554, '19148')
 (568, '16102') (573, '16685') (575, '19914') (581, '14594') (587, '17510')
 (607, '17546') (620, '16030') (627, '19984') (630, '21364') (633, '18628')
 (649, '18226') (650, '16070') (660, '19554') (678, '21400') (701, '20560')
 (737, '20339') (738, '19949') (745, '15167') (746, '20412') (761, '17170')
 (764, '19371') (793, '15334') (794, '18304') (800, '15509') (807, '18283')
 (850, '16150') (857, '18439') (865, '16410') (867, '18217') (877, '19529')
 (893, '19153') (905, '18244') (909, '20648') (912, '15749') (936, '20516')
 (947, '16643') (953, '16178') (957, '18133') (987, '15557')
 (1002, '17758') (1005, '17258') (1022, '19689') (1035, '15440')
 (1039, '20604') (1042, '19228') (1055, '17286') (1056, '17306')
 (1059, '19339') (1075, '17246') (1088, '15027') (1091, '16556')
 (1111, '15668') (1127, '16954') (1128, '18265') (1131, '16054')
 (1158, '18115') (1164, '21184') (1165, '20644') (1179, '18823')
 (1182, '16118') (1184, '21292') (1191, '17498') (1192, '21656')
 (1196, '21560') (1201, '19078') (1208, '21240') (1216, '17482')
 (1228, '15910') (1241, '14827') (1245, '18469') (1248, '16322')
 (1251, '20124') (1268, '18292') (1275, '18708') (1282, '20596')
 (1299, '14849') (1324, '19168') (1333, '21288') (1338, '16758')
 (1346, '16074') (1359, '15752') (1380, '16018')]",[]
03,"[(3, '20468') (11, '16625') (17, '17094') (39, '18678') (46, '16046')
 (57, '15491') (80, '20664') (111, '19325') (128, '16422') (158, '21726')
 (167, '15962') (169, '21720') (187, '19714') (192, '17166') (207, '17054')
 (220, '16640') (221, '16646') (271, '17623') (295, '19929') (306, '20524')
 (307, '15614') (354, '14047') (367, '21480') (435, '18100') (436, '19904')
 (469, '19614') (471, '16637') (472, '18798') (477, '15686') (479, '15692')
 (483, '14795') (489, '21668') (494, '20149') (507, '14183') (517, '14540')
 (537, '19504') (582, '15763') (592, '14819') (607, '17546') (621, '16482')
 (627, '19984') (630, '21364') (640, '19288') (642, '19994') (648, '18220')
 (649, '18226') (650, '16070') (656, '15107') (657, '20692') (666, '18853')
 (670, '19088') (678, '21400') (701, '20560') (738, '19949') (763, '14807')
 (764, '19371') (794, '18304') (795, '19383') (804, '15578') (809, '14995')
 (810, '16754') (811, '15187') (848, '20768') (850, '16150') (857, '18439')
 (905, '18244') (922, '18181') (924, '20184') (925, '14351') (932, '15401')
 (934, '16738') (936, '20516') (947, '16643') (953, '16178') (959, '15488')
 (963, '19959') (964, '14327') (968, '15940') (972, '16604')
 (1002, '17758') (1005, '17258') (1026, '19178') (1034, '21276')
 (1039, '20604') (1055, '17286') (1056, '17306') (1061, '15659')
 (1075, '17246') (1097, '15551') (1119, '19329') (1131, '16054')
 (1132, '20194') (1140, '20244') (1156, '15242') (1163, '16026')
 (1165, '20644') (1182, '16118') (1184, '21292') (1191, '17498')
 (1198, '17174') (1212, '20324') (1244, '19854') (1252, '14840')
 (1255, '19386') (1267, '15611') (1280, '16778') (1282, '20596')
 (1311, '18863') (1325, '15515') (1338, '16758') (1345, '18783')
 (1346, '16074') (1359, '15752') (1367, '16022') (1368, '16050')]",115,"[(17, '17094') (158, '21726') (167, '15962') (169, '21720') (192, '17166')
 (207, '17054') (271, '17623') (307, '15614') (354, '14047') (477, '15686')
 (479, '15692') (489, '21668') (494, '20149') (507, '14183') (517, '14540')
 (582, '15763') (592, '14819') (640, '19288') (656, '15107') (657, '20692')
 (763, '14807') (848, '20768') (925, '14351') (932, '15401') (934, '16738')
 (959, '15488') (964, '14327') (968, '15940') (972, '16604')
 (1026, '19178') (1061, '15659') (1097, '15551') (1119, '19329')
 (1140, '20244') (1156, '15242') (1198, '17174') (1252, '14840')
 (1255, '19386')]",38,"[(3, '20468') (11, '16625') (39, '18678') (46, '16046') (57, '15491')
 (80, '20664') (111, '19325') (128, '16422') (187, '19714') (220, '16640')
 (221, '16646') (295, '19929') (306, '20524') (367, '21480') (435, '18100')
 (436, '19904') (469, '19614') (471, '16637') (472, '18798') (483, '14795')
 (537, '19504') (607, '17546') (621, '16482') (627, '19984') (630, '21364')
 (642, '19994') (648, '18220') (649, '18226') (650, '16070') (666, '18853')
 (670, '19088') (678, '21400') (701, '20560') (738, '19949') (764, '19371')
 (794, '18304') (795, '19383') (804, '15578') (809, '14995') (810, '16754')
 (811, '15187') (850, '16150') (857, '18439') (905, '18244') (922, '18181')
 (924, '20184') (936, '20516') (947, '16643') (953, '16178') (963, '19959')
 (1002, '17758') (1005, '17258') (1034, '21276') (1039, '20604')
 (1055, '17286') (1056, '17306') (1075, '17246') (1131, '16054')
 (1132, '20194') (1163, '16026') (1165, '20644') (1182, '16118')
 (1184, '21292') (1191, '17498') (1212, '20324') (1244, '19854')
 (1267, '15611') (1280, '16778') (1282, '20596') (1311, '18863')
 (1325, '15515') (1338, '16758') (1345, '18783') (1346, '16074')
 (1359, '15752') (1367, '16022') (1368, '16050')]",[]
04,"[(21, '16292') (53, '16838') (56, '21723') (57, '15491') (67, '16301')
 (96, '19674') (111, '19325') (112, '18328') (119, '21432') (147, '16286')
 (148, '18516') (169, '21720') (177, '19048') (202, '19609') (204, '17674')
 (206, '17434') (208, '14492') (209, '14439') (212, '19479') (221, '16646')
 (351, '12930') (353, '21576') (354, '14047') (367, '21480') (369, '21148')
 (415, '16406') (458, '20512') (471, '16637') (472, '18798') (483, '14795')
 (489, '21668') (517, '14540') (524, '21711') (582, '15763') (598, '14240')
 (600, '18457') (607, '17546') (630, '21364') (633, '18628') (635, '18190')
 (636, '20436') (637, '20780') (638, '18076') (656, '15107') (666, '18853')
 (678, '21400') (701, '20560') (704, '18623') (712, '20334') (756, '20279')
 (763, '14807') (808, '18508') (809, '14995') (811, '15187') (820, '14339')
 (836, '19321') (841, '18803') (845, '15810') (848, '20768') (868, '15175')
 (925, '14351') (932, '15401') (947, '16643') (950, '14087') (963, '19959')
 (968, '15940') (976, '14560') (984, '21244') (1005, '17258')
 (1032, '20996') (1055, '17286') (1056, '17306') (1063, '20696')
 (1075, '17246') (1097, '15551') (1103, '17737') (1118, '18484')
 (1119, '19329') (1140, '20244') (1141, '17442') (1156, '15242')
 (1163, '16026') (1168, '17450') (1169, '17458') (1182, '16118')
 (1183, '19944') (1208, '21240') (1255, '19386') (1256, '21636')
 (1257, '19429') (1291, '16830') (1303, '21714') (1326, '19774')
 (1356, '21684')]",94,"[(21, '16292') (53, '16838') (56, '21723') (67, '16301') (119, '21432')
 (147, '16286') (148, '18516') (177, '19048') (204, '17674') (206, '17434')
 (209, '14439') (212, '19479') (353, '21576') (354, '14047') (369, '21148')
 (415, '16406') (458, '20512') (489, '21668') (517, '14540') (524, '21711')
 (582, '15763') (598, '14240') (600, '18457') (636, '20436') (637, '20780')
 (638, '18076') (656, '15107') (704, '18623') (756, '20279') (763, '14807')
 (811, '15187') (820, '14339') (836, '19321') (845, '15810') (848, '20768')
 (868, '15175') (925, '14351') (932, '15401') (950, '14087') (968, '15940')
 (984, '21244') (1032, '20996') (1063, '20696') (1118, '18484')
 (1140, '20244') (1141, '17442') (1156, '15242') (1163, '16026')
 (1168, '17450') (1169, '17458') (1183, '19944') (1255, '19386')
 (1256, '21636') (1257, '19429') (1291, '16830') (1303, '21714')
 (1326, '19774') (1356, '21684')]",58,"[(57, '15491') (96, '19674') (111, '19325') (112, '18328') (169, '21720')
 (202, '19609') (208, '14492') (221, '16646') (351, '12930') (367, '21480')
 (471, '16637') (472, '18798') (483, '14795') (607, '17546') (630, '21364')
 (633, '18628') (635, '18190') (666, '18853') (678, '21400') (701, '20560')
 (712, '20334') (808, '18508') (809, '14995') (841, '18803') (947, '16643')
 (963, '19959') (976, '14560') (1005, '17258') (1055, '17286')
 (1056, '17306') (1075, '17246') (1097, '15551') (1103, '17737')
 (1119, '19329') (1182, '16118') (1208, '21240')]",[]
05,"[(15, '18733') (53, '16838') (69, '19579') (80, '20664') (109, '20420')
 (111, '19325') (112, '18328') (114, '21548') (125, '19208') (128, '16422')
 (149, '16238') (166, '19559') (167, '15962') (181, '15395') (195, '21532')
 (201, '15143') (202, '19609') (204, '17674') (205, '15830') (206, '17434')
 (207, '17054') (212, '19479') (220, '16640') (221, '16646') (237, '18016')
 (295, '19929') (352, '15386') (354, '14047') (367, '21480') (377, '13952')
 (382, '15647') (415, '16406') (436, '19904') (439, '18028') (451, '19769')
 (459, '15123') (467, '14435') (469, '19614') (471, '16637') (483, '14795')
 (488, '14894') (489, '21668') (500, '16162') (517, '14540') (537, '19504')
 (544, '19664') (575, '19914') (607, '17546') (624, '16595') (627, '19984')
 (630, '21364') (638, '18076') (649, '18226') (650, '16070') (654, '15346')
 (657, '20692') (678, '21400') (683, '15083') (701, '20560') (704, '18623')
 (712, '20334') (737, '20339') (738, '19949') (745, '15167') (746, '20412')
 (763, '14807') (764, '19371') (832, '14668') (836, '19321') (848, '20768')
 (867, '18217') (911, '18319') (913, '21076') (920, '14945') (931, '19964')
 (932, '15401') (936, '20516') (947, '16643') (953, '16178') (957, '18133')
 (968, '15940') (984, '21244') (1005, '17258') (1042, '19228')
 (1063, '20696') (1071, '18998') (1075, '17246') (1097, '15551')
 (1119, '19329') (1128, '18265') (1136, '16283') (1139, '15410')
 (1141, '17442') (1156, '15242') (1162, '21444') (1168, '17450')
 (1169, '17458') (1170, '18472') (1182, '16118') (1184, '21292')
 (1187, '17454') (1206, '15974') (1212, '20324') (1228, '15910')
 (1239, '17644') (1240, '17606') (1248, '16322') (1250, '21416')
 (1254, '14787') (1277, '19864') (1285, '21196') (1291, '16830')
 (1326, '19774') (1338, '16758') (1347, '18808') (1363, '20064')]",116,"[(15, '18733') (53, '16838') (109, '20420') (114, '21548') (125, '19208')
 (149, '16238') (166, '19559') (167, '15962') (181, '15395') (201, '15143')
 (204, '17674') (205, '15830') (206, '17434') (207, '17054') (212, '19479')
 (352, '15386') (354, '14047') (377, '13952') (382, '15647') (415, '16406')
 (451, '19769') (459, '15123') (467, '14435') (488, '14894') (489, '21668')
 (517, '14540') (624, '16595') (638, '18076') (654, '15346') (657, '20692')
 (683, '15083') (704, '18623') (763, '14807') (832, '14668') (836, '19321')
 (848, '20768') (867, '18217') (911, '18319') (913, '21076') (920, '14945')
 (932, '15401') (968, '15940') (984, '21244') (1063, '20696')
 (1071, '18998') (1097, '15551') (1119, '19329') (1136, '16283')
 (1139, '15410') (1141, '17442') (1156, '15242') (1162, '21444')
 (1168, '17450') (1169, '17458') (1187, '17454') (1239, '17644')
 (1240, '17606') (1254, '14787') (1285, '21196') (1291, '16830')
 (1326, '19774') (1347, '18808') (1363, '20064')]",63,"[(69, '19579') (80, '20664') (111, '19325') (112, '18328') (128, '16422')
 (195, '21532') (202, '19609') (220, '16640') (221, '16646') (237, '18016')
 (295, '19929') (367, '21480') (436, '19904') (439, '18028') (469, '19614')
 (471, '16637') (483, '14795') (500, '16162') (537, '19504') (544, '19664')
 (575, '19914') (607, '17546') (627, '19984') (630, '21364') (649, '18226')
 (650, '16070') (678, '21400') (701, '20560') (712, '20334') (737, '20339')
 (738, '19949') (745, '15167') (746, '20412') (764, '19371') (931, '19964')
 (936, '20516') (947, '16643') (953, '16178') (957, '18133')
 (1005, '17258') (1042, '19228') (1075, '17246') (1128, '18265')
 (1170, '18472') (1182, '16118') (1184, '21292') (1206, '15974')
 (1212, '20324') (1228, '15910') (1248, '16322') (1250, '21416')
 (1277, '19864') (1338, '16758')]",[]
06,"[(1, '16727') (3, '20468') (15, '18733') (17, '17094') (20, '16688')
 (24, '19313') (25, '16670') (30, '17530') (35, '17749') (53, '16838')
 (54, '20249') (57, '15491') (66, '17050') (72, '21735') (93, '18490')
 (94, '18888') (111, '19325') (134, '20844') (149, '16238') (162, '15916')
 (167, '15962') (168, '15055') (169, '21720') (173, '16846') (186, '19369')
 (187, '19714') (188, '17062') (191, '18046') (195, '21532') (196, '18768')
 (209, '14439') (218, '14991') (220, '16640') (221, '16646') (223, '19684')
 (229, '19954') (238, '16610') (246, '17716') (271, '17623') (281, '21496')
 (282, '21504') (342, '17725') (352, '15386') (354, '14047') (365, '17074')
 (367, '21480') (377, '13952') (382, '15647') (384, '20179') (419, '21356')
 (422, '19544') (435, '18100') (436, '19904') (451, '19769') (466, '19849')
 (472, '18798') (483, '14795') (489, '21668') (491, '14638') (494, '20149')
 (501, '15250') (507, '14183') (509, '17731') (517, '14540') (528, '18118')
 (537, '19504') (543, '20520') (569, '15907') (574, '19839') (575, '19914')
 (586, '17728') (589, '17683') (590, '17686') (591, '17707') (621, '16482')
 (624, '16595') (627, '19984') (630, '21364') (638, '18076') (640, '19288')
 (643, '17698') (654, '15346') (669, '17752') (678, '21400') (737, '20339')
 (738, '19949') (745, '15167') (746, '20412') (751, '20496') (763, '14807')
 (764, '19371') (765, '15886') (809, '14995') (815, '14264') (833, '15710')
 (848, '20768') (856, '18313') (857, '18439') (868, '15175') (875, '21080')
 (876, '16246') (884, '17610') (885, '17680') (890, '17518') (912, '15749')
 (920, '14945') (921, '20224') (925, '14351') (932, '15401') (947, '16643')
 (959, '15488') (960, '19534') (962, '17386') (972, '16604') (982, '19063')
 (983, '14411') (984, '21244') (1005, '17258') (1008, '14552')
 (1011, '19924') (1020, '16568') (1026, '19178') (1028, '18598')
 (1029, '16522') (1032, '20996') (1041, '15788') (1042, '19228')
 (1050, '17462') (1053, '20044') (1061, '15659') (1062, '20448')
 (1063, '20696') (1071, '18998') (1075, '17246') (1088, '15027')
 (1097, '15551') (1101, '14716') (1103, '17737') (1119, '19329')
 (1140, '20244') (1142, '20608') (1156, '15242') (1163, '16026')
 (1182, '16118') (1191, '17498') (1193, '18364') (1197, '19744')
 (1198, '17174') (1202, '19739') (1208, '21240') (1209, '20369')
 (1210, '15031') (1213, '19789') (1220, '20009') (1232, '18415')
 (1250, '21416') (1252, '14840') (1267, '15611') (1279, '17815')
 (1288, '15039') (1294, '19759') (1303, '21714') (1311, '18863')
 (1314, '19654') (1326, '19774') (1338, '16758') (1344, '19884')
 (1345, '18783') (1356, '21684') (1357, '19163') (1367, '16022')
 (1376, '19068') (1379, '18633')]",173,"[(1, '16727') (3, '20468') (15, '18733') (17, '17094') (24, '19313')
 (35, '17749') (53, '16838') (54, '20249') (66, '17050') (72, '21735')
 (93, '18490') (94, '18888') (149, '16238') (162, '15916') (167, '15962')
 (168, '15055') (169, '21720') (173, '16846') (186, '19369') (188, '17062')
 (191, '18046') (196, '18768') (209, '14439') (218, '14991') (223, '19684')
 (229, '19954') (238, '16610') (246, '17716') (271, '17623') (281, '21496')
 (282, '21504') (342, '17725') (352, '15386') (354, '14047') (365, '17074')
 (377, '13952') (382, '15647') (419, '21356') (451, '19769') (489, '21668')
 (491, '14638') (494, '20149') (501, '15250') (507, '14183') (509, '17731')
 (517, '14540') (528, '18118') (543, '20520') (569, '15907') (586, '17728')
 (589, '17683') (590, '17686') (591, '17707') (624, '16595') (638, '18076')
 (640, '19288') (643, '17698') (654, '15346') (751, '20496') (763, '14807')
 (765, '15886') (815, '14264') (848, '20768') (856, '18313') (868, '15175')
 (875, '21080') (876, '16246') (884, '17610') (885, '17680') (920, '14945')
 (921, '20224') (925, '14351') (932, '15401') (959, '15488') (960, '19534')
 (972, '16604') (983, '14411') (1008, '14552') (1020, '16568')
 (1026, '19178') (1028, '18598') (1032, '20996') (1041, '15788')
 (1050, '17462') (1061, '15659') (1063, '20696') (1071, '18998')
 (1097, '15551') (1101, '14716') (1119, '19329') (1140, '20244')
 (1142, '20608') (1156, '15242') (1163, '16026') (1193, '18364')
 (1197, '19744') (1198, '17174') (1202, '19739') (1210, '15031')
 (1232, '18415') (1252, '14840') (1267, '15611') (1279, '17815')
 (1294, '19759') (1303, '21714') (1314, '19654') (1326, '19774')
 (1344, '19884') (1356, '21684') (1357, '19163') (1367, '16022')
 (1376, '19068') (1379, '18633')]",113,"[(20, '16688') (25, '16670') (30, '17530') (57, '15491') (111, '19325')
 (134, '20844') (187, '19714') (195, '21532') (220, '16640') (221, '16646')
 (367, '21480') (384, '20179') (422, '19544') (435, '18100') (436, '19904')
 (466, '19849') (472, '18798') (483, '14795') (537, '19504') (574, '19839')
 (575, '19914') (621, '16482') (627, '19984') (630, '21364') (669, '17752')
 (678, '21400') (737, '20339') (738, '19949') (745, '15167') (746, '20412')
 (764, '19371') (809, '14995') (833, '15710') (857, '18439') (890, '17518')
 (912, '15749') (947, '16643') (962, '17386') (982, '19063') (984, '21244')
 (1005, '17258') (1011, '19924') (1029, '16522') (1042, '19228')
 (1053, '20044') (1062, '20448') (1075, '17246') (1088, '15027')
 (1103, '17737') (1182, '16118') (1191, '17498') (1208, '21240')
 (1209, '20369') (1213, '19789') (1220, '20009') (1250, '21416')
 (1288, '15039') (1311, '18863') (1338, '16758') (1345, '18783')]",[]
07,"[(3, '20468') (25, '16670') (40, '18548') (53, '16838') (56, '21723')
 (57, '15491') (111, '19325') (112, '18328') (159, '16510') (162, '15916')
 (169, '21720') (178, '17911') (186, '19369') (195, '21532') (199, '14528')
 (280, '18361') (292, '16814') (323, '16854') (351, '12930') (354, '14047')
 (367, '21480') (377, '13952') (466, '19849') (483, '14795') (489, '21668')
 (494, '20149') (496, '15605') (517, '14540') (630, '21364') (654, '15346')
 (678, '21400') (763, '14807') (764, '19371') (781, '18723') (819, '20019')
 (843, '16514') (850, '16150') (861, '21717') (908, '20580') (924, '20184')
 (927, '17486') (932, '15401') (959, '15488') (982, '19063')
 (1003, '21284') (1005, '17258') (1028, '18598') (1053, '20044')
 (1063, '20696') (1071, '18998') (1075, '17246') (1097, '15551')
 (1111, '15668') (1119, '19329') (1132, '20194') (1142, '20608')
 (1156, '15242') (1163, '16026') (1206, '15974') (1208, '21240')
 (1220, '20009') (1228, '15910') (1232, '18415') (1250, '21416')
 (1259, '18558') (1267, '15611') (1279, '17815') (1288, '15039')
 (1303, '21714') (1338, '16758') (1346, '16074') (1359, '15752')]",72,"[(40, '18548') (53, '16838') (56, '21723') (159, '16510') (162, '15916')
 (169, '21720') (178, '17911') (186, '19369') (199, '14528') (292, '16814')
 (323, '16854') (354, '14047') (377, '13952') (489, '21668') (494, '20149')
 (517, '14540') (654, '15346') (763, '14807') (781, '18723') (843, '16514')
 (861, '21717') (932, '15401') (959, '15488') (1003, '21284')
 (1028, '18598') (1063, '20696') (1071, '18998') (1097, '15551')
 (1119, '19329') (1142, '20608') (1156, '15242') (1163, '16026')
 (1232, '18415') (1259, '18558') (1267, '15611') (1279, '17815')
 (1303, '21714')]",37,"[(3, '20468') (25, '16670') (57, '15491') (111, '19325') (112, '18328')
 (195, '21532') (280, '18361') (351, '12930') (367, '21480') (466, '19849')
 (483, '14795') (496, '15605') (630, '21364') (678, '21400') (764, '19371')
 (819, '20019') (850, '16150') (908, '20580') (924, '20184') (927, '17486')
 (982, '19063') (1005, '17258') (1053, '20044') (1075, '17246')
 (1111, '15668') (1132, '20194') (1206, '15974') (1208, '21240')
 (1220, '20009') (1228, '15910') (1250, '21416') (1288, '15039')
 (1338, '16758') (1346, '16074') (1359, '15752')]",[]
08,"[(11, '16625') (17, '17094') (25, '16670') (31, '21556') (32, '16182')
 (42, '17638') (51, '15422') (53, '16838') (56, '21723') (57, '15491')
 (69, '19579') (80, '20664') (107, '16098') (111, '19325') (112, '18328')
 (162, '15916') (167, '15962') (195, '21532') (199, '14528') (201, '15143')
 (202, '19609') (207, '17054') (212, '19479') (220, '16640') (221, '16646')
 (223, '19684') (231, '16082') (244, '21424') (255, '16679') (280, '18361')
 (287, '21552') (295, '19929') (298, '16982') (317, '15266') (326, '18493')
 (329, '15274') (346, '15780') (348, '15970') (351, '12930') (354, '14047')
 (356, '18052') (367, '21480') (373, '21272') (377, '13952') (415, '16406')
 (420, '21616') (436, '19904') (448, '16676') (458, '20512') (469, '19614')
 (471, '16637') (475, '16374') (477, '15686') (483, '14795') (484, '18778')
 (487, '17430') (489, '21668') (494, '20149') (517, '14540') (519, '21592')
 (520, '15497') (525, '18139') (537, '19504') (544, '19664') (566, '21404')
 (573, '16685') (575, '19914') (576, '14373') (581, '14594') (583, '17902')
 (587, '17510') (609, '18385') (614, '15127') (624, '16595') (627, '19984')
 (630, '21364') (633, '18628') (637, '20780') (638, '18076') (647, '16110')
 (648, '18220') (649, '18226') (650, '16070') (654, '15346') (678, '21400')
 (684, '21588') (685, '21608') (686, '21624') (699, '15392') (728, '20452')
 (737, '20339') (738, '19949') (746, '20412') (763, '14807') (764, '19371')
 (781, '18723') (783, '15734') (793, '15334') (799, '18406') (807, '18283')
 (808, '18508') (825, '18040') (834, '19353') (836, '19321') (848, '20768')
 (850, '16150') (857, '18439') (867, '18217') (877, '19529') (878, '20488')
 (920, '14945') (931, '19964') (932, '15401') (936, '20516') (947, '16643')
 (953, '16178') (957, '18133') (960, '19534') (968, '15940') (982, '19063')
 (987, '15557') (1002, '17758') (1005, '17258') (1022, '19689')
 (1026, '19178') (1042, '19228') (1055, '17286') (1059, '19339')
 (1075, '17246') (1088, '15027') (1090, '17734') (1096, '19359')
 (1103, '17737') (1111, '15668') (1119, '19329') (1127, '16954')
 (1128, '18265') (1131, '16054') (1132, '20194') (1136, '16283')
 (1140, '20244') (1156, '15242') (1158, '18115') (1163, '16026')
 (1170, '18472') (1182, '16118') (1187, '17454') (1188, '18773')
 (1196, '21560') (1197, '19744') (1198, '17174') (1202, '19739')
 (1208, '21240') (1219, '18049') (1224, '21248') (1228, '15910')
 (1233, '15358') (1236, '14688') (1244, '19854') (1248, '16322')
 (1251, '20124') (1267, '15611') (1274, '16198') (1277, '19864')
 (1293, '15826') (1295, '21064') (1296, '15892') (1301, '16886')
 (1303, '21714') (1307, '16810') (1318, '21256') (1320, '15944')
 (1330, '14427') (1338, '16758') (1345, '18783') (1346, '16074')
 (1350, '19934') (1352, '17130') (1360, '21420') (1367, '16022')
 (1372, '17158') (1376, '19068')]",182,"[(11, '16625') (17, '17094') (31, '21556') (32, '16182') (53, '16838')
 (56, '21723') (107, '16098') (162, '15916') (167, '15962') (199, '14528')
 (201, '15143') (207, '17054') (212, '19479') (223, '19684') (231, '16082')
 (287, '21552') (346, '15780') (348, '15970') (354, '14047') (356, '18052')
 (377, '13952') (415, '16406') (458, '20512') (475, '16374') (477, '15686')
 (494, '20149') (517, '14540') (519, '21592') (525, '18139') (566, '21404')
 (576, '14373') (583, '17902') (614, '15127') (624, '16595') (637, '20780')
 (638, '18076') (654, '15346') (684, '21588') (685, '21608') (686, '21624')
 (699, '15392') (728, '20452') (763, '14807') (781, '18723') (799, '18406')
 (808, '18508') (825, '18040') (834, '19353') (836, '19321') (848, '20768')
 (878, '20488') (920, '14945') (932, '15401') (960, '19534') (968, '15940')
 (987, '15557') (1026, '19178') (1096, '19359') (1119, '19329')
 (1136, '16283') (1140, '20244') (1156, '15242') (1187, '17454')
 (1188, '18773') (1197, '19744') (1198, '17174') (1202, '19739')
 (1219, '18049') (1233, '15358') (1236, '14688') (1274, '16198')
 (1295, '21064') (1296, '15892') (1301, '16886') (1303, '21714')
 (1307, '16810') (1320, '15944') (1330, '14427') (1350, '19934')
 (1352, '17130') (1360, '21420') (1367, '16022') (1372, '17158')
 (1376, '19068')]",84,"[(25, '16670') (42, '17638') (51, '15422') (57, '15491') (69, '19579')
 (80, '20664') (111, '19325') (112, '18328') (195, '21532') (202, '19609')
 (220, '16640') (221, '16646') (244, '21424') (255, '16679') (280, '18361')
 (295, '19929') (298, '16982') (317, '15266') (326, '18493') (329, '15274')
 (351, '12930') (367, '21480') (373, '21272') (420, '21616') (436, '19904')
 (448, '16676') (469, '19614') (471, '16637') (483, '14795') (484, '18778')
 (487, '17430') (489, '21668') (520, '15497') (537, '19504') (544, '19664')
 (573, '16685') (575, '19914') (581, '14594') (587, '17510') (609, '18385')
 (627, '19984') (630, '21364') (633, '18628') (647, '16110') (648, '18220')
 (649, '18226') (650, '16070') (678, '21400') (737, '20339') (738, '19949')
 (746, '20412') (764, '19371') (783, '15734') (793, '15334') (807, '18283')
 (850, '16150') (857, '18439') (867, '18217') (877, '19529') (931, '19964')
 (936, '20516') (947, '16643') (953, '16178') (957, '18133') (982, '19063')
 (1002, '17758') (1005, '17258') (1022, '19689') (1042, '19228')
 (1055, '17286') (1059, '19339') (1075, '17246') (1088, '15027')
 (1090, '17734') (1103, '17737') (1111, '15668') (1127, '16954')
 (1128, '18265') (1131, '16054') (1132, '20194') (1158, '18115')
 (1163, '16026') (1170, '18472') (1182, '16118') (1196, '21560')
 (1208, '21240') (1224, '21248') (1228, '15910') (1244, '19854')
 (1248, '16322') (1251, '20124') (1267, '15611') (1277, '19864')
 (1293, '15826') (1318, '21256') (1338, '16758') (1345, '18783')
 (1346, '16074')]",[]
09,"[(1, '16727') (25, '16670') (35, '17749') (40, '18548') (53, '16838')
 (57, '15491') (76, '20744') (111, '19325') (112, '18328') (120, '15203')
 (127, '16601') (167, '15962') (178, '17911') (184, '14381') (195, '21532')
 (199, '14528') (201, '15143') (202, '19609') (255, '16679') (280, '18361')
 (287, '21552') (299, '20544') (307, '15614') (351, '12930') (354, '14047')
 (367, '21480') (474, '17018') (475, '16374') (483, '14795') (489, '21668')
 (500, '16162') (511, '19253') (517, '14540') (526, '17154') (573, '16685')
 (575, '19914') (620, '16030') (630, '21364') (633, '18628') (634, '15527')
 (642, '19994') (647, '16110') (648, '18220') (649, '18226') (654, '15346')
 (678, '21400') (684, '21588') (685, '21608') (686, '21624') (737, '20339')
 (746, '20412') (759, '20484') (763, '14807') (764, '19371') (765, '15886')
 (781, '18723') (805, '21672') (808, '18508') (809, '14995') (850, '16150')
 (861, '21717') (867, '18217') (908, '20580') (909, '20648') (924, '20184')
 (927, '17486') (932, '15401') (958, '18412') (959, '15488') (960, '19534')
 (968, '15940') (982, '19063') (1005, '17258') (1026, '19178')
 (1032, '20996') (1042, '19228') (1063, '20696') (1071, '18998')
 (1075, '17246') (1079, '14987') (1103, '17737') (1119, '19329')
 (1132, '20194') (1136, '16283') (1140, '20244') (1142, '20608')
 (1156, '15242') (1162, '21444') (1163, '16026') (1196, '21560')
 (1198, '17174') (1207, '15704') (1208, '21240') (1211, '17206')
 (1228, '15910') (1254, '14787') (1279, '17815') (1282, '20596')
 (1293, '15826') (1303, '21714') (1344, '19884') (1352, '17130')
 (1367, '16022') (1368, '16050') (1372, '17158')]",105,"[(1, '16727') (35, '17749') (40, '18548') (53, '16838') (76, '20744')
 (120, '15203') (127, '16601') (167, '15962') (178, '17911') (184, '14381')
 (199, '14528') (201, '15143') (307, '15614') (354, '14047') (475, '16374')
 (489, '21668') (500, '16162') (511, '19253') (517, '14540') (634, '15527')
 (654, '15346') (684, '21588') (685, '21608') (686, '21624') (763, '14807')
 (765, '15886') (781, '18723') (805, '21672') (808, '18508') (809, '14995')
 (861, '21717') (927, '17486') (932, '15401') (959, '15488') (960, '19534')
 (968, '15940') (1026, '19178') (1063, '20696') (1071, '18998')
 (1079, '14987') (1119, '19329') (1136, '16283') (1140, '20244')
 (1142, '20608') (1163, '16026') (1198, '17174') (1207, '15704')
 (1254, '14787') (1279, '17815') (1303, '21714') (1344, '19884')
 (1352, '17130') (1367, '16022') (1372, '17158')]",54,"[(25, '16670') (57, '15491') (111, '19325') (112, '18328') (195, '21532')
 (202, '19609') (255, '16679') (280, '18361') (287, '21552') (299, '20544')
 (351, '12930') (367, '21480') (474, '17018') (483, '14795') (526, '17154')
 (573, '16685') (575, '19914') (620, '16030') (630, '21364') (633, '18628')
 (642, '19994') (647, '16110') (648, '18220') (649, '18226') (678, '21400')
 (737, '20339') (746, '20412') (759, '20484') (764, '19371') (850, '16150')
 (867, '18217') (908, '20580') (909, '20648') (924, '20184') (958, '18412')
 (982, '19063') (1005, '17258') (1032, '20996') (1042, '19228')
 (1075, '17246') (1103, '17737') (1132, '20194') (1156, '15242')
 (1162, '21444') (1196, '21560') (1208, '21240') (1211, '17206')
 (1228, '15910') (1282, '20596') (1293, '15826') (1368, '16050')]",[]
10,"[(11, '16625') (69, '19579') (109, '20420') (111, '19325') (112, '18328')
 (192, '17166') (201, '15143') (202, '19609') (221, '16646') (224, '20229')
 (263, '19519') (287, '21552') (295, '19929') (354, '14047') (367, '21480')
 (436, '19904') (451, '19769') (466, '19849') (475, '16374') (483, '14795')
 (508, '19331') (517, '14540') (537, '19504') (544, '19664') (607, '17546')
 (627, '19984') (629, '19754') (633, '18628') (638, '18076') (678, '21400')
 (684, '21588') (685, '21608') (686, '21624') (701, '20560') (745, '15167')
 (763, '14807') (848, '20768') (850, '16150') (857, '18439') (877, '19529')
 (931, '19964') (932, '15401') (953, '16178') (962, '17386') (963, '19959')
 (987, '15557') (1005, '17258') (1022, '19689') (1034, '21276')
 (1075, '17246') (1119, '19329') (1140, '20244') (1182, '16118')
 (1185, '20074') (1277, '19864') (1293, '15826') (1303, '21714')
 (1320, '15944') (1338, '16758') (1346, '16074')]",60,"[(109, '20420') (192, '17166') (201, '15143') (287, '21552') (354, '14047')
 (451, '19769') (475, '16374') (517, '14540') (629, '19754') (638, '18076')
 (684, '21588') (685, '21608') (686, '21624') (763, '14807') (848, '20768')
 (932, '15401') (1119, '19329') (1140, '20244') (1185, '20074')
 (1303, '21714') (1320, '15944')]",21,"[(11, '16625') (69, '19579') (111, '19325') (112, '18328') (202, '19609')
 (221, '16646') (224, '20229') (263, '19519') (295, '19929') (367, '21480')
 (436, '19904') (466, '19849') (483, '14795') (508, '19331') (537, '19504')
 (544, '19664') (607, '17546') (627, '19984') (633, '18628') (678, '21400')
 (701, '20560') (745, '15167') (850, '16150') (857, '18439') (877, '19529')
 (931, '19964') (953, '16178') (962, '17386') (963, '19959') (987, '15557')
 (1005, '17258') (1022, '19689') (1034, '21276') (1075, '17246')
 (1182, '16118') (1277, '19864') (1293, '15826') (1338, '16758')
 (1346, '16074')]",[]
11,"[(1, '16727') (3, '20468') (15, '18733') (51, '15422') (57, '15491')
 (72, '21735') (111, '19325') (136, '14672') (160, '16242') (164, '16691')
 (167, '15962') (168, '15055') (178, '17911') (182, '19033') (184, '14381')
 (187, '19714') (188, '17062') (192, '17166') (195, '21532') (221, '16646')
 (251, '21664') (263, '19519') (278, '15139') (282, '21504') (335, '19694')
 (354, '14047') (367, '21480') (435, '18100') (451, '19769') (466, '19849')
 (471, '16637') (479, '15692') (483, '14795') (489, '21668') (507, '14183')
 (517, '14540') (537, '19504') (568, '16102') (569, '15907') (574, '19839')
 (575, '19914') (598, '14240') (617, '19058') (621, '16482') (638, '18076')
 (642, '19994') (654, '15346') (656, '15107') (676, '16010') (678, '21400')
 (689, '16398') (728, '20452') (737, '20339') (746, '20412') (763, '14807')
 (764, '19371') (765, '15886') (848, '20768') (875, '21080') (876, '16246')
 (925, '14351') (932, '15401') (947, '16643') (959, '15488') (960, '19534')
 (967, '15449') (968, '15940') (983, '14411') (1005, '17258')
 (1026, '19178') (1030, '20592') (1032, '20996') (1042, '19228')
 (1061, '15659') (1075, '17246') (1078, '20289') (1097, '15551')
 (1101, '14716') (1103, '17737') (1119, '19329') (1132, '20194')
 (1140, '20244') (1156, '15242') (1163, '16026') (1171, '15599')
 (1190, '17490') (1198, '17174') (1208, '21240') (1210, '15031')
 (1211, '17206') (1218, '18528') (1234, '20274') (1244, '19854')
 (1250, '21416') (1254, '14787') (1267, '15611') (1274, '16198')
 (1279, '17815') (1288, '15039') (1289, '15798') (1293, '15826')
 (1303, '21714') (1311, '18863') (1327, '16222') (1344, '19884')
 (1345, '18783') (1354, '21488') (1357, '19163') (1367, '16022')
 (1368, '16050') (1372, '17158') (1376, '19068')]",112,"[(1, '16727') (3, '20468') (72, '21735') (160, '16242') (167, '15962')
 (168, '15055') (178, '17911') (182, '19033') (184, '14381') (188, '17062')
 (192, '17166') (251, '21664') (278, '15139') (282, '21504') (335, '19694')
 (354, '14047') (451, '19769') (489, '21668') (507, '14183') (517, '14540')
 (569, '15907') (598, '14240') (617, '19058') (638, '18076') (654, '15346')
 (656, '15107') (689, '16398') (763, '14807') (765, '15886') (848, '20768')
 (875, '21080') (876, '16246') (925, '14351') (932, '15401') (959, '15488')
 (960, '19534') (967, '15449') (968, '15940') (983, '14411')
 (1026, '19178') (1032, '20996') (1061, '15659') (1097, '15551')
 (1101, '14716') (1119, '19329') (1140, '20244') (1156, '15242')
 (1171, '15599') (1190, '17490') (1198, '17174') (1210, '15031')
 (1218, '18528') (1234, '20274') (1254, '14787') (1274, '16198')
 (1279, '17815') (1289, '15798') (1303, '21714') (1327, '16222')
 (1344, '19884') (1354, '21488') (1357, '19163') (1367, '16022')
 (1372, '17158') (1376, '19068')]",65,"[(15, '18733') (51, '15422') (57, '15491') (111, '19325') (136, '14672')
 (164, '16691') (187, '19714') (195, '21532') (221, '16646') (263, '19519')
 (367, '21480') (435, '18100') (466, '19849') (471, '16637') (479, '15692')
 (483, '14795') (537, '19504') (568, '16102') (574, '19839') (575, '19914')
 (621, '16482') (642, '19994') (676, '16010') (678, '21400') (728, '20452')
 (737, '20339') (746, '20412') (764, '19371') (947, '16643')
 (1005, '17258') (1030, '20592') (1042, '19228') (1075, '17246')
 (1078, '20289') (1103, '17737') (1132, '20194') (1163, '16026')
 (1208, '21240') (1211, '17206') (1244, '19854') (1250, '21416')
 (1267, '15611') (1288, '15039') (1293, '15826') (1311, '18863')
 (1345, '18783') (1368, '16050')]",[]
12,"[(1, '16727') (2, '18064') (3, '20468') (16, '18553') (17, '17094')
 (25, '16670') (30, '17530') (34, '15318') (35, '17749') (42, '17638')
 (46, '16046') (53, '16838') (56, '21723') (57, '15491') (66, '17050')
 (69, '19579') (72, '21735') (96, '19674') (100, '14721') (104, '17647')
 (105, '14216') (111, '19325') (112, '18328') (121, '21696') (128, '16422')
 (133, '17641') (134, '20844') (135, '19333') (136, '14672') (150, '17743')
 (162, '15916') (165, '15374') (167, '15962') (181, '15395') (186, '19369')
 (188, '17062') (192, '17166') (198, '16974') (199, '14528') (200, '16724')
 (201, '15143') (202, '19609') (209, '14439') (212, '19479') (220, '16640')
 (221, '16646') (222, '19999') (224, '20229') (227, '17178') (248, '18403')
 (249, '17773') (290, '20508') (293, '16970') (295, '19929') (296, '14578')
 (299, '20544') (302, '21092') (306, '20524') (326, '18493') (332, '18148')
 (335, '19694') (349, '20764') (351, '12930') (352, '15386') (354, '14047')
 (367, '21480') (372, '19464') (373, '21272') (384, '20179') (385, '18448')
 (393, '17538') (394, '16498') (396, '14909') (415, '16406') (422, '19544')
 (427, '16550') (435, '18100') (436, '19904') (446, '16526') (448, '16676')
 (451, '19769') (452, '17098') (460, '18499') (464, '18430') (469, '19614')
 (471, '16637') (474, '17018') (477, '15686') (483, '14795') (484, '18778')
 (489, '21668') (490, '15665') (491, '14638') (493, '14282') (494, '20149')
 (501, '15250') (502, '17114') (505, '15482') (506, '16414') (508, '19331')
 (517, '14540') (519, '21592') (526, '17154') (528, '18118') (530, '16721')
 (544, '19664') (545, '20880') (554, '19148') (566, '21404') (568, '16102')
 (569, '15907') (573, '16685') (574, '19839') (575, '19914') (581, '14594')
 (582, '15763') (587, '17510') (592, '14819') (604, '14879') (609, '18385')
 (611, '18151') (612, '20720') (620, '16030') (621, '16482') (624, '16595')
 (627, '19984') (629, '19754') (630, '21364') (633, '18628') (635, '18190')
 (636, '20436') (638, '18076') (640, '19288') (641, '16565') (642, '19994')
 (647, '16110') (650, '16070') (654, '15346') (656, '15107') (657, '20692')
 (660, '19554') (678, '21400') (680, '20876') (684, '21588') (685, '21608')
 (686, '21624') (699, '15392') (701, '20560') (721, '16998') (733, '19469')
 (734, '19375') (737, '20339') (738, '19949') (746, '20412') (756, '20279')
 (757, '19724') (758, '20724') (760, '21660') (763, '14807') (765, '15886')
 (772, '20049') (783, '15734') (793, '15334') (794, '18304') (795, '19383')
 (797, '19415') (799, '18406') (809, '14995') (811, '15187') (818, '19098')
 (822, '18055') (825, '18040') (833, '15710') (836, '19321') (837, '15314')
 (846, '21332') (848, '20768') (850, '16150') (857, '18439') (861, '21717')
 (865, '16410') (875, '21080') (876, '16246') (877, '19529') (884, '17610')
 (889, '14415') (890, '17518') (892, '17764') (893, '19153') (902, '20896')
 (904, '15019') (916, '20868') (924, '20184') (925, '14351') (926, '18688')
 (932, '15401') (934, '16738') (935, '16466') (936, '20516') (947, '16643')
 (953, '16178') (957, '18133') (959, '15488') (960, '19534') (963, '19959')
 (964, '14327') (968, '15940') (980, '17839') (984, '21244') (987, '15557')
 (1003, '21284') (1005, '17258') (1010, '19829') (1014, '20500')
 (1018, '21408') (1020, '16568') (1022, '19689') (1030, '20592')
 (1032, '20996') (1042, '19228') (1045, '19734') (1047, '19108')
 (1061, '15659') (1062, '20448') (1063, '20696') (1075, '17246')
 (1078, '20289') (1090, '17734') (1091, '16556') (1097, '15551')
 (1103, '17737') (1119, '19329') (1127, '16954') (1128, '18265')
 (1129, '15608') (1131, '16054') (1132, '20194') (1135, '18130')
 (1140, '20244') (1156, '15242') (1158, '18115') (1163, '16026')
 (1164, '21184') (1170, '18472') (1171, '15599') (1182, '16118')
 (1184, '21292') (1185, '20074') (1190, '17490') (1191, '17498')
 (1198, '17174') (1208, '21240') (1210, '15031') (1218, '18528')
 (1219, '18049') (1223, '17314') (1234, '20274') (1236, '14688')
 (1244, '19854') (1245, '18469') (1248, '16322') (1250, '21416')
 (1252, '14840') (1255, '19386') (1267, '15611') (1268, '18292')
 (1275, '18708') (1277, '19864') (1278, '18603') (1279, '17815')
 (1280, '16778') (1284, '19814') (1288, '15039') (1293, '15826')
 (1303, '21714') (1314, '19654') (1316, '20304') (1318, '21256')
 (1324, '19168') (1327, '16222') (1328, '21104') (1330, '14427')
 (1337, '18833') (1338, '16758') (1342, '17662') (1344, '19884')
 (1345, '18783') (1346, '16074') (1352, '17130') (1357, '19163')
 (1367, '16022') (1368, '16050') (1376, '19068') (1378, '20354')
 (1379, '18633') (1380, '16018')]",296,"[(1, '16727') (2, '18064') (3, '20468') (17, '17094') (34, '15318')
 (35, '17749') (53, '16838') (56, '21723') (66, '17050') (72, '21735')
 (100, '14721') (104, '17647') (105, '14216') (121, '21696') (133, '17641')
 (136, '14672') (162, '15916') (167, '15962') (181, '15395') (186, '19369')
 (188, '17062') (192, '17166') (198, '16974') (199, '14528') (200, '16724')
 (201, '15143') (209, '14439') (212, '19479') (222, '19999') (227, '17178')
 (290, '20508') (293, '16970') (296, '14578') (299, '20544') (302, '21092')
 (335, '19694') (349, '20764') (352, '15386') (354, '14047') (372, '19464')
 (385, '18448') (394, '16498') (396, '14909') (415, '16406') (446, '16526')
 (451, '19769') (452, '17098') (460, '18499') (464, '18430') (477, '15686')
 (489, '21668') (490, '15665') (491, '14638') (493, '14282') (494, '20149')
 (501, '15250') (502, '17114') (505, '15482') (508, '19331') (517, '14540')
 (519, '21592') (528, '18118') (530, '16721') (545, '20880') (566, '21404')
 (569, '15907') (582, '15763') (592, '14819') (604, '14879') (609, '18385')
 (612, '20720') (624, '16595') (629, '19754') (636, '20436') (638, '18076')
 (640, '19288') (654, '15346') (656, '15107') (657, '20692') (680, '20876')
 (684, '21588') (685, '21608') (686, '21624') (699, '15392') (721, '16998')
 (733, '19469') (734, '19375') (756, '20279') (758, '20724') (760, '21660')
 (763, '14807') (765, '15886') (772, '20049') (795, '19383') (797, '19415')
 (799, '18406') (809, '14995') (811, '15187') (818, '19098') (822, '18055')
 (825, '18040') (836, '19321') (837, '15314') (846, '21332') (848, '20768')
 (861, '21717') (875, '21080') (876, '16246') (884, '17610') (889, '14415')
 (892, '17764') (902, '20896') (904, '15019') (916, '20868') (925, '14351')
 (932, '15401') (934, '16738') (935, '16466') (959, '15488') (960, '19534')
 (964, '14327') (968, '15940') (980, '17839') (984, '21244') (987, '15557')
 (1003, '21284') (1010, '19829') (1018, '21408') (1020, '16568')
 (1032, '20996') (1047, '19108') (1061, '15659') (1062, '20448')
 (1063, '20696') (1078, '20289') (1091, '16556') (1097, '15551')
 (1119, '19329') (1129, '15608') (1140, '20244') (1156, '15242')
 (1163, '16026') (1164, '21184') (1171, '15599') (1185, '20074')
 (1190, '17490') (1198, '17174') (1210, '15031') (1218, '18528')
 (1219, '18049') (1223, '17314') (1234, '20274') (1236, '14688')
 (1252, '14840') (1255, '19386') (1267, '15611') (1278, '18603')
 (1279, '17815') (1280, '16778') (1284, '19814') (1303, '21714')
 (1314, '19654') (1316, '20304') (1327, '16222') (1328, '21104')
 (1330, '14427') (1342, '17662') (1344, '19884') (1352, '17130')
 (1357, '19163') (1367, '16022') (1376, '19068') (1378, '20354')
 (1379, '18633')]",174,"[(16, '18553') (25, '16670') (30, '17530') (42, '17638') (46, '16046')
 (57, '15491') (69, '19579') (96, '19674') (111, '19325') (112, '18328')
 (128, '16422') (134, '20844') (135, '19333') (150, '17743') (165, '15374')
 (202, '19609') (220, '16640') (221, '16646') (224, '20229') (248, '18403')
 (249, '17773') (295, '19929') (306, '20524') (326, '18493') (332, '18148')
 (351, '12930') (367, '21480') (373, '21272') (384, '20179') (393, '17538')
 (422, '19544') (427, '16550') (435, '18100') (436, '19904') (448, '16676')
 (469, '19614') (471, '16637') (474, '17018') (483, '14795') (484, '18778')
 (506, '16414') (526, '17154') (544, '19664') (554, '19148') (568, '16102')
 (573, '16685') (574, '19839') (575, '19914') (581, '14594') (587, '17510')
 (611, '18151') (620, '16030') (621, '16482') (627, '19984') (630, '21364')
 (633, '18628') (635, '18190') (641, '16565') (642, '19994') (647, '16110')
 (650, '16070') (660, '19554') (678, '21400') (701, '20560') (737, '20339')
 (738, '19949') (746, '20412') (757, '19724') (783, '15734') (793, '15334')
 (794, '18304') (833, '15710') (850, '16150') (857, '18439') (865, '16410')
 (877, '19529') (890, '17518') (893, '19153') (924, '20184') (926, '18688')
 (936, '20516') (947, '16643') (953, '16178') (957, '18133') (963, '19959')
 (1005, '17258') (1014, '20500') (1022, '19689') (1030, '20592')
 (1042, '19228') (1045, '19734') (1075, '17246') (1090, '17734')
 (1103, '17737') (1127, '16954') (1128, '18265') (1131, '16054')
 (1132, '20194') (1135, '18130') (1158, '18115') (1170, '18472')
 (1182, '16118') (1184, '21292') (1191, '17498') (1208, '21240')
 (1244, '19854') (1245, '18469') (1248, '16322') (1250, '21416')
 (1268, '18292') (1275, '18708') (1277, '19864') (1288, '15039')
 (1293, '15826') (1318, '21256') (1324, '19168') (1337, '18833')
 (1338, '16758') (1345, '18783') (1346, '16074') (1368, '16050')
 (1380, '16018')]",[]
13,"[(2, '18064') (3, '20468') (11, '16625') (20, '16688') (21, '16292')
 (22, '18037') (25, '16670') (38, '16782') (43, '16733') (44, '17932')
 (51, '15422') (53, '16838') (57, '15491') (62, '21368') (63, '20464')
 (69, '19579') (75, '15302') (76, '20744') (79, '20029') (82, '18518')
 (91, '18085') (103, '21516') (105, '14216') (107, '16098') (109, '20420')
 (111, '19325') (112, '18328') (114, '21548') (117, '18301') (119, '21432')
 (123, '15003') (126, '15877') (128, '16422') (137, '17860') (148, '18516')
 (153, '16002') (158, '21726') (159, '16510') (162, '15916') (166, '19559')
 (169, '21720') (175, '15913') (178, '17911') (183, '15404') (184, '14381')
 (186, '19369') (187, '19714') (192, '17166') (195, '21532') (199, '14528')
 (202, '19609') (204, '17674') (205, '15830') (206, '17434') (211, '17896')
 (212, '19479') (219, '19539') (220, '16640') (221, '16646') (230, '17872')
 (238, '16610') (244, '21424') (248, '18403') (250, '15986') (251, '21664')
 (263, '19519') (273, '21440') (278, '15139') (280, '18361') (281, '21496')
 (292, '16814') (293, '16970') (295, '19929') (317, '15266') (322, '16442')
 (323, '16854') (326, '18493') (329, '15274') (346, '15780') (350, '14488')
 (351, '12930') (353, '21576') (354, '14047') (366, '16622') (367, '21480')
 (369, '21148') (377, '13952') (380, '17869') (386, '17470') (392, '17740')
 (398, '16310') (414, '18259') (415, '16406') (416, '17881') (419, '21356')
 (420, '21616') (422, '19544') (427, '16550') (436, '19904') (440, '17692')
 (441, '15043') (443, '18202') (444, '15135') (458, '20512') (459, '15123')
 (466, '19849') (469, '19614') (472, '18798') (473, '17534') (479, '15692')
 (480, '18693') (483, '14795') (487, '17430') (488, '14894') (489, '21668')
 (494, '20149') (496, '15605') (498, '15767') (499, '15095') (504, '17466')
 (517, '14540') (520, '15497') (526, '17154') (535, '17586') (544, '19664')
 (568, '16102') (569, '15907') (575, '19914') (576, '14373') (577, '14568')
 (578, '15147') (581, '14594') (582, '15763') (587, '17510') (592, '14819')
 (603, '21360') (606, '21688') (607, '17546') (608, '16914') (624, '16595')
 (627, '19984') (628, '14564') (630, '21364') (633, '18628') (636, '20436')
 (638, '18076') (640, '19288') (647, '16110') (650, '16070') (654, '15346')
 (656, '15107') (657, '20692') (667, '17526') (676, '16010') (678, '21400')
 (683, '15083') (706, '18913') (737, '20339') (738, '19949') (741, '16655')
 (746, '20412') (756, '20279') (757, '19724') (761, '17170') (762, '17755')
 (763, '14807') (764, '19371') (765, '15886') (775, '20528') (780, '14379')
 (783, '15734') (793, '15334') (798, '18613') (803, '19434') (807, '18283')
 (809, '14995') (815, '14264') (819, '20019') (824, '21396') (825, '18040')
 (833, '15710') (842, '17370') (845, '15810') (847, '16934') (848, '20768')
 (849, '17354') (856, '18313') (857, '18439') (868, '15175') (869, '16607')
 (876, '16246') (877, '19529') (878, '20488') (912, '15749') (913, '21076')
 (915, '21700') (920, '14945') (930, '14870') (932, '15401') (934, '16738')
 (947, '16643') (949, '18172') (950, '14087') (953, '16178') (956, '16619')
 (957, '18133') (959, '15488') (960, '19534') (964, '14327') (968, '15940')
 (982, '19063') (984, '21244') (985, '18505') (987, '15557')
 (1002, '17758') (1005, '17258') (1026, '19178') (1034, '21276')
 (1038, '15536') (1041, '15788') (1042, '19228') (1053, '20044')
 (1055, '17286') (1056, '17306') (1063, '20696') (1069, '16014')
 (1071, '18998') (1075, '17246') (1084, '15155') (1090, '17734')
 (1091, '16556') (1097, '15551') (1101, '14716') (1105, '15238')
 (1109, '18400') (1111, '15668') (1119, '19329') (1127, '16954')
 (1130, '18502') (1131, '16054') (1132, '20194') (1140, '20244')
 (1141, '17442') (1142, '20608') (1156, '15242') (1159, '17770')
 (1160, '15368') (1168, '17450') (1169, '17458') (1174, '17594')
 (1179, '18823') (1181, '19319') (1182, '16118') (1183, '19944')
 (1184, '21292') (1187, '17454') (1190, '17490') (1191, '17498')
 (1192, '21656') (1196, '21560') (1198, '17174') (1199, '21352')
 (1206, '15974') (1208, '21240') (1209, '20369') (1211, '17206')
 (1217, '19337') (1220, '20009') (1223, '17314') (1226, '19874')
 (1234, '20274') (1241, '14827') (1244, '19854') (1249, '20820')
 (1250, '21416') (1254, '14787') (1256, '21636') (1257, '19429')
 (1259, '18558') (1267, '15611') (1268, '18292') (1274, '16198')
 (1277, '19864') (1279, '17815') (1280, '16778') (1281, '20014')
 (1283, '14963') (1285, '21196') (1288, '15039') (1289, '15798')
 (1290, '14321') (1291, '16830') (1293, '15826') (1294, '19759')
 (1299, '14849') (1303, '21714') (1314, '19654') (1317, '21392')
 (1320, '15944') (1328, '21104') (1329, '14967') (1330, '14427')
 (1334, '21264') (1338, '16758') (1340, '15772') (1344, '19884')
 (1352, '17130') (1356, '21684') (1358, '14135') (1359, '15752')]",310,"[(11, '16625') (21, '16292') (22, '18037') (38, '16782') (43, '16733')
 (44, '17932') (53, '16838') (62, '21368') (75, '15302') (76, '20744')
 (79, '20029') (91, '18085') (103, '21516') (105, '14216') (107, '16098')
 (109, '20420') (114, '21548') (119, '21432') (123, '15003') (126, '15877')
 (148, '18516') (158, '21726') (162, '15916') (166, '19559') (169, '21720')
 (175, '15913') (178, '17911') (183, '15404') (184, '14381') (186, '19369')
 (192, '17166') (199, '14528') (204, '17674') (205, '15830') (206, '17434')
 (211, '17896') (212, '19479') (219, '19539') (238, '16610') (250, '15986')
 (278, '15139') (281, '21496') (292, '16814') (293, '16970') (322, '16442')
 (323, '16854') (346, '15780') (350, '14488') (353, '21576') (354, '14047')
 (366, '16622') (369, '21148') (377, '13952') (392, '17740') (414, '18259')
 (415, '16406') (416, '17881') (419, '21356') (420, '21616') (440, '17692')
 (443, '18202') (444, '15135') (458, '20512') (459, '15123') (479, '15692')
 (488, '14894') (489, '21668') (494, '20149') (496, '15605') (498, '15767')
 (499, '15095') (517, '14540') (535, '17586') (569, '15907') (576, '14373')
 (577, '14568') (578, '15147') (582, '15763') (592, '14819') (603, '21360')
 (606, '21688') (608, '16914') (624, '16595') (628, '14564') (636, '20436')
 (638, '18076') (640, '19288') (654, '15346') (656, '15107') (657, '20692')
 (683, '15083') (741, '16655') (756, '20279') (761, '17170') (762, '17755')
 (763, '14807') (765, '15886') (780, '14379') (798, '18613') (803, '19434')
 (809, '14995') (815, '14264') (824, '21396') (825, '18040') (842, '17370')
 (845, '15810') (847, '16934') (848, '20768') (849, '17354') (856, '18313')
 (868, '15175') (869, '16607') (876, '16246') (878, '20488') (913, '21076')
 (915, '21700') (920, '14945') (930, '14870') (932, '15401') (934, '16738')
 (949, '18172') (950, '14087') (956, '16619') (959, '15488') (960, '19534')
 (964, '14327') (968, '15940') (984, '21244') (985, '18505') (987, '15557')
 (1026, '19178') (1034, '21276') (1038, '15536') (1041, '15788')
 (1063, '20696') (1069, '16014') (1071, '18998') (1084, '15155')
 (1091, '16556') (1097, '15551') (1101, '14716') (1105, '15238')
 (1119, '19329') (1130, '18502') (1140, '20244') (1141, '17442')
 (1142, '20608') (1156, '15242') (1159, '17770') (1160, '15368')
 (1168, '17450') (1169, '17458') (1174, '17594') (1181, '19319')
 (1183, '19944') (1187, '17454') (1190, '17490') (1198, '17174')
 (1199, '21352') (1217, '19337') (1223, '17314') (1226, '19874')
 (1234, '20274') (1249, '20820') (1254, '14787') (1256, '21636')
 (1257, '19429') (1259, '18558') (1267, '15611') (1274, '16198')
 (1279, '17815') (1280, '16778') (1283, '14963') (1285, '21196')
 (1289, '15798') (1290, '14321') (1291, '16830') (1294, '19759')
 (1303, '21714') (1314, '19654') (1317, '21392') (1320, '15944')
 (1329, '14967') (1334, '21264') (1340, '15772') (1344, '19884')
 (1352, '17130') (1356, '21684') (1358, '14135')]",189,"[(2, '18064') (3, '20468') (20, '16688') (25, '16670') (51, '15422')
 (57, '15491') (63, '20464') (69, '19579') (82, '18518') (111, '19325')
 (112, '18328') (117, '18301') (128, '16422') (137, '17860') (153, '16002')
 (159, '16510') (187, '19714') (195, '21532') (202, '19609') (220, '16640')
 (221, '16646') (230, '17872') (244, '21424') (248, '18403') (251, '21664')
 (263, '19519') (273, '21440') (280, '18361') (295, '19929') (317, '15266')
 (326, '18493') (329, '15274') (351, '12930') (367, '21480') (380, '17869')
 (386, '17470') (398, '16310') (422, '19544') (427, '16550') (436, '19904')
 (441, '15043') (466, '19849') (469, '19614') (472, '18798') (473, '17534')
 (480, '18693') (483, '14795') (487, '17430') (504, '17466') (520, '15497')
 (526, '17154') (544, '19664') (568, '16102') (575, '19914') (581, '14594')
 (587, '17510') (607, '17546') (627, '19984') (630, '21364') (633, '18628')
 (647, '16110') (650, '16070') (667, '17526') (676, '16010') (678, '21400')
 (706, '18913') (737, '20339') (738, '19949') (746, '20412') (757, '19724')
 (764, '19371') (775, '20528') (783, '15734') (793, '15334') (807, '18283')
 (819, '20019') (833, '15710') (857, '18439') (877, '19529') (912, '15749')
 (947, '16643') (953, '16178') (957, '18133') (982, '19063')
 (1002, '17758') (1005, '17258') (1042, '19228') (1053, '20044')
 (1055, '17286') (1056, '17306') (1075, '17246') (1090, '17734')
 (1109, '18400') (1111, '15668') (1127, '16954') (1131, '16054')
 (1132, '20194') (1179, '18823') (1182, '16118') (1184, '21292')
 (1191, '17498') (1192, '21656') (1196, '21560') (1206, '15974')
 (1208, '21240') (1209, '20369') (1211, '17206') (1220, '20009')
 (1241, '14827') (1244, '19854') (1250, '21416') (1268, '18292')
 (1277, '19864') (1281, '20014') (1288, '15039') (1293, '15826')
 (1299, '14849') (1328, '21104') (1330, '14427') (1338, '16758')
 (1359, '15752')]",[]
14,"[(1, '16727') (2, '18064') (3, '20468') ..., (1378, '20354')
 (1379, '18633') (1380, '16018')]",1371,"[(1, '16727') (2, '18064') (3, '20468') ..., (1378, '20354')
 (1379, '18633') (1380, '16018')]",1371,[],[]
15,"[(17, '17094') (20, '16688') (25, '16670') (30, '17530') (53, '16838')
 (57, '15491') (60, '20908') (66, '17050') (69, '19579') (79, '20029')
 (128, '16422') (132, '18334') (165, '15374') (167, '15962') (172, '20364')
 (180, '17929') (186, '19369') (187, '19714') (188, '17062') (212, '19479')
 (219, '19539') (220, '16640') (221, '16646') (226, '18121') (228, '21460')
 (229, '19954') (230, '17872') (243, '20672') (245, '18376') (249, '17773')
 (257, '20460') (277, '19729') (278, '15139') (290, '20508') (299, '20544')
 (306, '20524') (316, '18256') (326, '18493') (346, '15780') (348, '15970')
 (354, '14047') (356, '18052') (358, '21648') (367, '21480') (369, '21148')
 (377, '13952') (384, '20179') (393, '17538') (418, '16134') (419, '21356')
 (422, '19544') (429, '18668') (436, '19904') (437, '21136') (451, '19769')
 (457, '18703') (466, '19849') (471, '16637') (473, '17534') (477, '15686')
 (480, '18693') (483, '14795') (494, '20149') (510, '17590') (517, '14540')
 (520, '15497') (556, '19128') (557, '19123') (558, '19118') (560, '19133')
 (578, '15147') (582, '15763') (624, '16595') (627, '19984') (630, '21364')
 (636, '20436') (638, '18076') (654, '15346') (657, '20692') (659, '20680')
 (669, '17752') (670, '19088') (678, '21400') (682, '17785') (701, '20560')
 (718, '19323') (738, '19949') (741, '16655') (753, '18698') (756, '20279')
 (757, '19724') (761, '17170') (763, '14807') (764, '19371') (765, '15886')
 (775, '20528') (776, '19218') (800, '15509') (810, '16754') (815, '14264')
 (821, '18061') (829, '15047') (848, '20768') (857, '18439') (868, '15175')
 (869, '16607') (876, '16246') (903, '16661') (911, '18319') (912, '15749')
 (926, '18688') (930, '14870') (932, '15401') (947, '16643') (949, '18172')
 (950, '14087') (952, '19889') (959, '15488') (960, '19534') (971, '16458')
 (981, '19489') (994, '19143') (1002, '17758') (1003, '21284')
 (1005, '17258') (1029, '16522') (1030, '20592') (1032, '20996')
 (1041, '15788') (1045, '19734') (1061, '15659') (1066, '20900')
 (1071, '18998') (1074, '17971') (1075, '17246') (1088, '15027')
 (1097, '15551') (1103, '17737') (1128, '18265') (1140, '20244')
 (1156, '15242') (1158, '18115') (1179, '18823') (1186, '18588')
 (1187, '17454') (1190, '17490') (1191, '17498') (1193, '18364')
 (1210, '15031') (1213, '19789') (1215, '18127') (1216, '17482')
 (1225, '15982') (1232, '18415') (1235, '18538') (1244, '19854')
 (1250, '21416') (1267, '15611') (1274, '16198') (1275, '18708')
 (1279, '17815') (1281, '20014') (1283, '14963') (1288, '15039')
 (1294, '19759') (1303, '21714') (1311, '18863') (1318, '21256')
 (1320, '15944') (1345, '18783') (1346, '16074') (1350, '19934')
 (1359, '15752') (1366, '17514') (1379, '18633')]",175,"[(17, '17094') (53, '16838') (60, '20908') (66, '17050') (79, '20029')
 (132, '18334') (167, '15962') (172, '20364') (186, '19369') (188, '17062')
 (212, '19479') (219, '19539') (228, '21460') (229, '19954') (257, '20460')
 (277, '19729') (278, '15139') (290, '20508') (346, '15780') (348, '15970')
 (354, '14047') (356, '18052') (358, '21648') (369, '21148') (377, '13952')
 (384, '20179') (419, '21356') (437, '21136') (451, '19769') (494, '20149')
 (510, '17590') (517, '14540') (578, '15147') (582, '15763') (624, '16595')
 (638, '18076') (654, '15346') (657, '20692') (659, '20680') (670, '19088')
 (682, '17785') (718, '19323') (741, '16655') (756, '20279') (761, '17170')
 (763, '14807') (764, '19371') (765, '15886') (775, '20528') (776, '19218')
 (800, '15509') (815, '14264') (821, '18061') (848, '20768') (868, '15175')
 (869, '16607') (903, '16661') (911, '18319') (932, '15401') (949, '18172')
 (950, '14087') (952, '19889') (959, '15488') (960, '19534') (971, '16458')
 (981, '19489') (1003, '21284') (1032, '20996') (1041, '15788')
 (1061, '15659') (1066, '20900') (1071, '18998') (1074, '17971')
 (1097, '15551') (1140, '20244') (1156, '15242') (1187, '17454')
 (1190, '17490') (1193, '18364') (1210, '15031') (1232, '18415')
 (1274, '16198') (1279, '17815') (1283, '14963') (1294, '19759')
 (1303, '21714') (1320, '15944') (1350, '19934') (1366, '17514')
 (1379, '18633')]",90,"[(20, '16688') (25, '16670') (30, '17530') (57, '15491') (69, '19579')
 (128, '16422') (165, '15374') (180, '17929') (187, '19714') (220, '16640')
 (221, '16646') (226, '18121') (230, '17872') (243, '20672') (245, '18376')
 (249, '17773') (299, '20544') (306, '20524') (316, '18256') (326, '18493')
 (367, '21480') (393, '17538') (418, '16134') (422, '19544') (429, '18668')
 (436, '19904') (457, '18703') (466, '19849') (471, '16637') (473, '17534')
 (477, '15686') (480, '18693') (483, '14795') (520, '15497') (556, '19128')
 (557, '19123') (558, '19118') (560, '19133') (627, '19984') (630, '21364')
 (636, '20436') (669, '17752') (678, '21400') (701, '20560') (738, '19949')
 (753, '18698') (757, '19724') (810, '16754') (829, '15047') (857, '18439')
 (876, '16246') (912, '15749') (926, '18688') (930, '14870') (947, '16643')
 (994, '19143') (1002, '17758') (1005, '17258') (1029, '16522')
 (1030, '20592') (1045, '19734') (1075, '17246') (1088, '15027')
 (1103, '17737') (1128, '18265') (1158, '18115') (1179, '18823')
 (1186, '18588') (1191, '17498') (1213, '19789') (1215, '18127')
 (1216, '17482') (1225, '15982') (1235, '18538') (1244, '19854')
 (1250, '21416') (1267, '15611') (1275, '18708') (1281, '20014')
 (1288, '15039') (1311, '18863') (1318, '21256') (1345, '18783')
 (1346, '16074') (1359, '15752')]",[]
16,"[(11, '16625') (17, '17094') (20, '16688') (31, '21556') (32, '16182')
 (53, '16838') (57, '15491') (90, '20612') (109, '20420') (162, '15916')
 (165, '15374') (169, '21720') (178, '17911') (187, '19714') (190, '18445')
 (201, '15143') (212, '19479') (221, '16646') (223, '19684') (238, '16610')
 (249, '17773') (255, '16679') (282, '21504') (287, '21552') (312, '21372')
 (326, '18493') (351, '12930') (354, '14047') (367, '21480') (377, '13952')
 (402, '16712') (419, '21356') (453, '15587') (455, '19989') (483, '14795')
 (489, '21668') (517, '14540') (519, '21592') (524, '21711') (525, '18139')
 (551, '16628') (574, '19839') (607, '17546') (614, '15127') (630, '21364')
 (638, '18076') (650, '16070') (654, '15346') (678, '21400') (733, '19469')
 (763, '14807') (798, '18613') (810, '16754') (820, '14339') (823, '21705')
 (848, '20768') (850, '16150') (857, '18439') (876, '16246') (898, '19484')
 (930, '14870') (932, '15401') (947, '16643') (953, '16178') (962, '17386')
 (964, '14327') (968, '15940') (984, '21244') (1005, '17258')
 (1026, '19178') (1063, '20696') (1075, '17246') (1088, '15027')
 (1089, '14234') (1097, '15551') (1103, '17737') (1108, '15554')
 (1140, '20244') (1156, '15242') (1170, '18472') (1173, '16709')
 (1182, '16118') (1208, '21240') (1228, '15910') (1244, '19854')
 (1249, '20820') (1250, '21416') (1279, '17815') (1291, '16830')
 (1294, '19759') (1295, '21064') (1303, '21714') (1307, '16810')
 (1338, '16758')]",94,"[(17, '17094') (31, '21556') (32, '16182') (53, '16838') (109, '20420')
 (162, '15916') (169, '21720') (178, '17911') (201, '15143') (212, '19479')
 (223, '19684') (238, '16610') (282, '21504') (287, '21552') (312, '21372')
 (354, '14047') (377, '13952') (402, '16712') (419, '21356') (489, '21668')
 (517, '14540') (519, '21592') (524, '21711') (525, '18139') (551, '16628')
 (614, '15127') (638, '18076') (654, '15346') (733, '19469') (763, '14807')
 (820, '14339') (823, '21705') (848, '20768') (898, '19484') (930, '14870')
 (932, '15401') (964, '14327') (968, '15940') (984, '21244')
 (1026, '19178') (1063, '20696') (1088, '15027') (1089, '14234')
 (1097, '15551') (1108, '15554') (1140, '20244') (1156, '15242')
 (1173, '16709') (1249, '20820') (1279, '17815') (1291, '16830')
 (1294, '19759') (1295, '21064') (1303, '21714') (1307, '16810')]",55,"[(11, '16625') (20, '16688') (57, '15491') (90, '20612') (165, '15374')
 (187, '19714') (190, '18445') (221, '16646') (249, '17773') (255, '16679')
 (326, '18493') (351, '12930') (367, '21480') (453, '15587') (455, '19989')
 (483, '14795') (574, '19839') (607, '17546') (630, '21364') (650, '16070')
 (678, '21400') (798, '18613') (810, '16754') (850, '16150') (857, '18439')
 (876, '16246') (947, '16643') (953, '16178') (962, '17386')
 (1005, '17258') (1075, '17246') (1103, '17737') (1170, '18472')
 (1182, '16118') (1208, '21240') (1228, '15910') (1244, '19854')
 (1250, '21416') (1338, '16758')]",[]
17,"[(1, '16727') (2, '18064') (11, '16625') (12, '21468') (17, '17094')
 (20, '16688') (31, '21556') (34, '15318') (42, '17638') (46, '16046')
 (53, '16838') (56, '21723') (57, '15491') (76, '20744') (91, '18085')
 (102, '21336') (103, '21516') (111, '19325') (112, '18328') (117, '18301')
 (127, '16601') (137, '17860') (149, '16238') (150, '17743') (162, '15916')
 (165, '15374') (167, '15962') (169, '21720') (180, '17929') (183, '15404')
 (187, '19714') (188, '17062') (192, '17166') (193, '17198') (199, '14528')
 (208, '14492') (209, '14439') (213, '21428') (221, '16646') (230, '17872')
 (238, '16610') (243, '20672') (248, '18403') (249, '17773') (255, '16679')
 (273, '21440') (281, '21496') (287, '21552') (292, '16814') (297, '16890')
 (299, '20544') (306, '20524') (307, '15614') (312, '21372') (317, '15266')
 (322, '16442') (323, '16854') (325, '21456') (326, '18493') (329, '15274')
 (331, '16649') (351, '12930') (354, '14047') (358, '21648') (367, '21480')
 (370, '16174') (373, '21272') (377, '13952') (378, '19524') (379, '20089')
 (380, '17869') (387, '17554') (389, '16542') (396, '14909') (415, '16406')
 (416, '17881') (441, '15043') (449, '16682') (451, '19769') (453, '15587')
 (455, '19989') (459, '15123') (465, '16718') (471, '16637') (474, '17018')
 (475, '16374') (483, '14795') (489, '21668') (493, '14282') (496, '15605')
 (498, '15767') (500, '16162') (510, '17590') (517, '14540') (520, '15497')
 (525, '18139') (526, '17154') (538, '16190') (568, '16102') (569, '15907')
 (573, '16685') (574, '19839') (575, '19914') (576, '14373') (581, '14594')
 (582, '15763') (592, '14819') (593, '20314') (607, '17546') (608, '16914')
 (620, '16030') (624, '16595') (629, '19754') (630, '21364') (633, '18628')
 (634, '15527') (636, '20436') (638, '18076') (647, '16110') (648, '18220')
 (649, '18226') (650, '16070') (653, '18337') (654, '15346') (657, '20692')
 (667, '17526') (670, '19088') (676, '16010') (678, '21400') (701, '20560')
 (702, '16494') (704, '18623') (728, '20452') (730, '20299') (731, '19335')
 (737, '20339') (746, '20412') (751, '20496') (759, '20484') (760, '21660')
 (763, '14807') (775, '20528') (781, '18723') (782, '14855') (793, '15334')
 (798, '18613') (810, '16754') (820, '14339') (826, '18813') (833, '15710')
 (836, '19321') (842, '17370') (845, '15810') (847, '16934') (848, '20768')
 (849, '17354') (850, '16150') (856, '18313') (857, '18439') (867, '18217')
 (873, '19373') (892, '17764') (913, '21076') (925, '14351') (930, '14870')
 (933, '20660') (936, '20516') (950, '14087') (958, '18412') (959, '15488')
 (960, '19534') (962, '17386') (964, '14327') (968, '15940') (971, '16458')
 (982, '19063') (998, '16774') (1005, '17258') (1026, '19178')
 (1039, '20604') (1040, '20319') (1041, '15788') (1042, '19228')
 (1061, '15659') (1063, '20696') (1071, '18998') (1075, '17246')
 (1078, '20289') (1090, '17734') (1097, '15551') (1101, '14716')
 (1127, '16954') (1129, '15608') (1134, '21132') (1136, '16283')
 (1140, '20244') (1142, '20608') (1156, '15242') (1164, '21184')
 (1165, '20644') (1167, '19363') (1170, '18472') (1178, '16770')
 (1179, '18823') (1182, '16118') (1185, '20074') (1190, '17490')
 (1192, '21656') (1195, '16126') (1198, '17174') (1208, '21240')
 (1212, '20324') (1214, '16170') (1217, '19337') (1223, '17314')
 (1228, '15910') (1239, '17644') (1240, '17606') (1242, '21536')
 (1244, '19854') (1245, '18469') (1249, '20820') (1250, '21416')
 (1255, '19386') (1256, '21636') (1257, '19429') (1268, '18292')
 (1274, '16198') (1278, '18603') (1279, '17815') (1282, '20596')
 (1283, '14963') (1289, '15798') (1291, '16830') (1292, '14947')
 (1293, '15826') (1295, '21064') (1301, '16886') (1303, '21714')
 (1310, '15834') (1311, '18863') (1317, '21392') (1318, '21256')
 (1319, '21464') (1320, '15944') (1326, '19774') (1337, '18833')
 (1338, '16758') (1352, '17130') (1353, '16358') (1367, '16022')
 (1368, '16050') (1372, '17158') (1376, '19068') (1378, '20354')
 (1379, '18633')]",256,"[(1, '16727') (11, '16625') (12, '21468') (17, '17094') (31, '21556')
 (34, '15318') (53, '16838') (56, '21723') (76, '20744') (91, '18085')
 (102, '21336') (103, '21516') (127, '16601') (149, '16238') (162, '15916')
 (165, '15374') (167, '15962') (169, '21720') (188, '17062') (192, '17166')
 (199, '14528') (209, '14439') (238, '16610') (281, '21496') (287, '21552')
 (292, '16814') (297, '16890') (307, '15614') (312, '21372') (322, '16442')
 (323, '16854') (325, '21456') (331, '16649') (354, '14047') (370, '16174')
 (377, '13952') (378, '19524') (379, '20089') (387, '17554') (389, '16542')
 (415, '16406') (416, '17881') (451, '19769') (459, '15123') (465, '16718')
 (475, '16374') (489, '21668') (493, '14282') (496, '15605') (498, '15767')
 (500, '16162') (510, '17590') (517, '14540') (538, '16190') (569, '15907')
 (576, '14373') (582, '15763') (592, '14819') (593, '20314') (624, '16595')
 (634, '15527') (636, '20436') (638, '18076') (653, '18337') (654, '15346')
 (657, '20692') (670, '19088') (702, '16494') (704, '18623') (728, '20452')
 (730, '20299') (751, '20496') (760, '21660') (763, '14807') (775, '20528')
 (781, '18723') (782, '14855') (798, '18613') (820, '14339') (826, '18813')
 (836, '19321') (842, '17370') (845, '15810') (848, '20768') (849, '17354')
 (856, '18313') (873, '19373') (892, '17764') (913, '21076') (925, '14351')
 (930, '14870') (950, '14087') (958, '18412') (959, '15488') (960, '19534')
 (964, '14327') (968, '15940') (971, '16458') (998, '16774')
 (1026, '19178') (1040, '20319') (1041, '15788') (1061, '15659')
 (1063, '20696') (1071, '18998') (1078, '20289') (1097, '15551')
 (1101, '14716') (1129, '15608') (1134, '21132') (1136, '16283')
 (1140, '20244') (1142, '20608') (1156, '15242') (1164, '21184')
 (1167, '19363') (1170, '18472') (1178, '16770') (1185, '20074')
 (1190, '17490') (1195, '16126') (1198, '17174') (1212, '20324')
 (1214, '16170') (1217, '19337') (1223, '17314') (1239, '17644')
 (1240, '17606') (1242, '21536') (1245, '18469') (1249, '20820')
 (1255, '19386') (1256, '21636') (1257, '19429') (1274, '16198')
 (1278, '18603') (1279, '17815') (1283, '14963') (1289, '15798')
 (1291, '16830') (1292, '14947') (1295, '21064') (1301, '16886')
 (1303, '21714') (1310, '15834') (1317, '21392') (1319, '21464')
 (1320, '15944') (1326, '19774') (1352, '17130') (1353, '16358')
 (1367, '16022') (1372, '17158') (1376, '19068') (1378, '20354')
 (1379, '18633')]",156,"[(2, '18064') (20, '16688') (42, '17638') (46, '16046') (57, '15491')
 (111, '19325') (112, '18328') (117, '18301') (137, '17860') (150, '17743')
 (180, '17929') (183, '15404') (187, '19714') (193, '17198') (208, '14492')
 (213, '21428') (221, '16646') (230, '17872') (243, '20672') (248, '18403')
 (249, '17773') (255, '16679') (273, '21440') (299, '20544') (306, '20524')
 (317, '15266') (326, '18493') (329, '15274') (351, '12930') (358, '21648')
 (367, '21480') (373, '21272') (380, '17869') (396, '14909') (441, '15043')
 (449, '16682') (453, '15587') (455, '19989') (471, '16637') (474, '17018')
 (483, '14795') (520, '15497') (525, '18139') (526, '17154') (568, '16102')
 (573, '16685') (574, '19839') (575, '19914') (581, '14594') (607, '17546')
 (608, '16914') (620, '16030') (629, '19754') (630, '21364') (633, '18628')
 (647, '16110') (648, '18220') (649, '18226') (650, '16070') (667, '17526')
 (676, '16010') (678, '21400') (701, '20560') (731, '19335') (737, '20339')
 (746, '20412') (759, '20484') (793, '15334') (810, '16754') (833, '15710')
 (847, '16934') (850, '16150') (857, '18439') (867, '18217') (933, '20660')
 (936, '20516') (962, '17386') (982, '19063') (1005, '17258')
 (1039, '20604') (1042, '19228') (1075, '17246') (1090, '17734')
 (1127, '16954') (1165, '20644') (1179, '18823') (1182, '16118')
 (1192, '21656') (1208, '21240') (1228, '15910') (1244, '19854')
 (1250, '21416') (1268, '18292') (1282, '20596') (1293, '15826')
 (1311, '18863') (1318, '21256') (1337, '18833') (1338, '16758')
 (1368, '16050')]",[]
